id_bvote, scrutin, annee, tour, date, num_circ, num_quartier, num_arrond, num_bureau, nb_procu, nb_inscr, nb_emarg, nb_blanc, nb_nul, nb_exprim
13-1,Municipales,2020,2,2020-06-28,9,49,13,1,39,1691,682,682,17,5
13-2,Municipales,2020,2,2020-06-28,9,49,13,2,26,1431,514,514,10,4
13-3,Municipales,2020,2,2020-06-28,9,49,13,3,36,1625,598,598,14,11
13-4,Municipales,2020,2,2020-06-28,9,49,13,4,14,1193,371,371,14,9
13-5,Municipales,2020,2,2020-06-28,9,49,13,5,27,1540,562,564,9,7
13-6,Municipales,2020,2,2020-06-28,9,49,13,6,31,1229,451,451,7,4
13-7,Municipales,2020,2,2020-06-28,9,49,13,7,33,1637,520,520,16,10
13-8,Municipales,2020,2,2020-06-28,9,50,13,8,21,1458,526,526,13,5
13-9,Municipales,2020,2,2020-06-28,9,50,13,9,22,1310,439,439,14,9
13-10,Municipales,2020,2,2020-06-28,9,50,13,10,9,1268,433,433,8,5
13-11,Municipales,2020,2,2020-06-28,9,50,13,11,9,1486,483,483,16,13
13-12,Municipales,2020,2,2020-06-28,9,50,13,12,16,1420,437,437,9,5
13-13,Municipales,2020,2,2020-06-28,9,50,13,13,32,1642,647,647,19,9
13-14,Municipales,2020,2,2020-06-28,9,50,13,14,6,1435,467,467,7,13
13-15,Municipales,2020,2,2020-06-28,9,50,13,15,13,1722,463,463,6,7
13-16,Municipales,2020,2,2020-06-28,9,50,13,16,20,1933,606,606,19,6
13-17,Municipales,2020,2,2020-06-28,9,50,13,17,24,1654,561,561,10,6
13-18,Municipales,2020,2,2020-06-28,9,50,13,18,12,1519,481,481,10,7
13-19,Municipales,2020,2,2020-06-28,9,50,13,19,11,1813,474,474,5,8
13-20,Municipales,2020,2,2020-06-28,9,50,13,20,5,1873,453,453,4,9
13-21,Municipales,2020,2,2020-06-28,9,50,13,21,4,1615,369,369,9,5
13-22,Municipales,2020,2,2020-06-28,9,50,13,22,8,1605,415,415,11,9
13-23,Municipales,2020,2,2020-06-28,9,50,13,23,14,1473,501,501,6,5
13-24,Municipales,2020,2,2020-06-28,9,50,13,24,10,1447,422,422,12,8
13-25,Municipales,2020,2,2020-06-28,9,50,13,25,15,1752,494,494,5,6
13-26,Municipales,2020,2,2020-06-28,9,50,13,26,31,1695,631,631,14,7
13-27,Municipales,2020,2,2020-06-28,9,50,13,27,16,1758,612,612,17,10
13-28,Municipales,2020,2,2020-06-28,9,50,13,28,34,1748,677,677,19,4
13-29,Municipales,2020,2,2020-06-28,9,50,13,29,12,1336,381,381,16,12
13-30,Municipales,2020,2,2020-06-28,9,50,13,30,30,1674,605,605,17,12
13-31,Municipales,2020,2,2020-06-28,9,50,13,31,30,1342,542,542,12,9
13-32,Municipales,2020,2,2020-06-28,9,50,13,32,26,1668,503,503,25,9
13-33,Municipales,2020,2,2020-06-28,9,49,13,33,3,701,144,144,4,4
13-34,Municipales,2020,2,2020-06-28,9,50,13,34,18,1920,731,731,20,8
13-35,Municipales,2020,2,2020-06-28,10,51,13,35,17,1230,427,427,8,5
13-36,Municipales,2020,2,2020-06-28,10,51,13,36,28,1419,573,573,12,6
13-37,Municipales,2020,2,2020-06-28,10,51,13,37,31,1723,472,472,13,7
13-38,Municipales,2020,2,2020-06-28,10,51,13,38,11,1434,444,444,2,7
13-39,Municipales,2020,2,2020-06-28,10,51,13,39,10,1806,504,504,11,9
13-40,Municipales,2020,2,2020-06-28,10,51,13,40,17,1635,675,676,8,8
13-41,Municipales,2020,2,2020-06-28,10,51,13,41,33,1814,606,606,13,12
13-42,Municipales,2020,2,2020-06-28,10,51,13,42,1,1525,418,418,12,8
13-43,Municipales,2020,2,2020-06-28,10,51,13,43,48,1778,661,661,8,11
13-44,Municipales,2020,2,2020-06-28,10,51,13,44,15,1474,439,439,12,11
13-45,Municipales,2020,2,2020-06-28,10,51,13,45,22,1411,384,384,7,2
13-46,Municipales,2020,2,2020-06-28,10,51,13,46,21,1680,460,460,14,8
13-47,Municipales,2020,2,2020-06-28,10,51,13,47,29,1791,767,768,20,7
13-48,Municipales,2020,2,2020-06-28,10,51,13,48,20,1749,667,667,11,6
13-49,Municipales,2020,2,2020-06-28,10,51,13,49,26,1699,691,691,17,13
13-50,Municipales,2020,2,2020-06-28,10,51,13,50,47,1685,711,711,13,10
13-51,Municipales,2020,2,2020-06-28,10,51,13,51,24,1703,692,692,12,12
13-52,Municipales,2020,2,2020-06-28,10,51,13,52,20,1359,568,568,7,3
13-53,Municipales,2020,2,2020-06-28,10,51,13,53,19,1300,400,400,7,9
13-54,Municipales,2020,2,2020-06-28,10,51,13,54,33,1690,713,713,15,8
13-55,Municipales,2020,2,2020-06-28,10,51,13,55,15,1257,456,456,9,9
13-56,Municipales,2020,2,2020-06-28,10,51,13,56,57,1636,658,658,22,7
13-57,Municipales,2020,2,2020-06-28,10,51,13,57,29,1534,608,608,14,11
13-58,Municipales,2020,2,2020-06-28,10,51,13,58,50,1639,683,683,10,7
13-59,Municipales,2020,2,2020-06-28,10,51,13,59,29,1780,711,711,18,18
13-60,Municipales,2020,2,2020-06-28,9,52,13,60,32,1598,569,569,12,9
13-61,Municipales,2020,2,2020-06-28,9,52,13,61,23,1581,693,693,13,5
13-62,Municipales,2020,2,2020-06-28,9,52,13,62,34,1696,761,761,18,15
13-63,Municipales,2020,2,2020-06-28,9,52,13,63,33,1345,596,596,14,14
13-64,Municipales,2020,2,2020-06-28,9,52,13,64,36,1421,550,550,9,5
13-65,Municipales,2020,2,2020-06-28,9,52,13,65,29,1682,718,718,20,11
13-66,Municipales,2020,2,2020-06-28,9,52,13,66,39,1652,655,655,15,10
13-67,Municipales,2020,2,2020-06-28,9,52,13,67,44,1500,559,559,6,7
13-68,Municipales,2020,2,2020-06-28,9,50,13,68,30,1516,557,557,12,4
13-69,Municipales,2020,2,2020-06-28,10,51,13,69,27,1393,561,561,13,7
13-70,Municipales,2020,2,2020-06-28,9,50,13,70,21,1209,425,425,22,6
13-71,Municipales,2020,2,2020-06-28,9,50,13,71,10,1373,487,487,16,4
12-1,Municipales,2020,2,2020-06-28,8,46,12,1,42,1230,527,527,4,5
12-2,Municipales,2020,2,2020-06-28,8,46,12,2,19,1302,452,452,10,5
12-3,Municipales,2020,2,2020-06-28,8,46,12,3,21,1391,492,492,9,8
12-4,Municipales,2020,2,2020-06-28,8,46,12,4,27,1456,542,542,12,6
12-5,Municipales,2020,2,2020-06-28,8,46,12,5,36,1441,578,578,9,12
12-6,Municipales,2020,2,2020-06-28,8,46,12,6,76,1549,616,616,15,10
12-7,Municipales,2020,2,2020-06-28,8,46,12,7,49,1516,723,723,8,5
12-8,Municipales,2020,2,2020-06-28,8,46,12,8,26,1424,510,510,10,9
12-9,Municipales,2020,2,2020-06-28,8,46,12,9,25,1437,443,443,12,10
12-10,Municipales,2020,2,2020-06-28,8,46,12,10,27,1538,542,542,8,3
12-11,Municipales,2020,2,2020-06-28,8,46,12,11,41,1371,539,539,4,6
12-12,Municipales,2020,2,2020-06-28,8,46,12,12,33,1544,625,625,14,9
12-13,Municipales,2020,2,2020-06-28,8,46,12,13,38,1469,617,616,13,9
12-14,Municipales,2020,2,2020-06-28,8,46,12,14,28,1387,510,510,4,7
12-15,Municipales,2020,2,2020-06-28,8,46,12,15,24,1554,570,570,10,8
12-16,Municipales,2020,2,2020-06-28,8,46,12,16,29,1370,569,569,8,3
12-17,Municipales,2020,2,2020-06-28,8,46,12,17,29,1350,574,574,5,2
12-18,Municipales,2020,2,2020-06-28,8,46,12,18,45,1397,629,629,11,2
12-19,Municipales,2020,2,2020-06-28,8,46,12,19,29,1579,568,568,5,6
12-20,Municipales,2020,2,2020-06-28,8,46,12,20,42,1344,575,575,8,7
12-21,Municipales,2020,2,2020-06-28,8,46,12,21,25,1606,623,623,12,4
12-22,Municipales,2020,2,2020-06-28,8,46,12,22,27,1521,482,482,13,0
12-23,Municipales,2020,2,2020-06-28,8,46,12,23,22,1392,501,501,14,6
12-24,Municipales,2020,2,2020-06-28,8,46,12,24,15,1436,504,504,9,2
12-25,Municipales,2020,2,2020-06-28,8,46,12,25,25,1546,538,538,13,9
12-26,Municipales,2020,2,2020-06-28,8,46,12,26,33,1366,524,524,6,5
12-27,Municipales,2020,2,2020-06-28,8,46,12,27,21,1382,564,564,14,9
12-28,Municipales,2020,2,2020-06-28,8,46,12,28,18,1388,480,481,12,6
12-29,Municipales,2020,2,2020-06-28,8,46,12,29,21,1376,465,465,7,3
12-30,Municipales,2020,2,2020-06-28,8,45,12,30,40,1385,619,619,10,5
12-31,Municipales,2020,2,2020-06-28,8,45,12,31,37,1441,579,579,10,4
12-32,Municipales,2020,2,2020-06-28,8,45,12,32,26,1505,597,597,6,4
12-33,Municipales,2020,2,2020-06-28,8,45,12,33,37,1503,559,559,11,8
12-34,Municipales,2020,2,2020-06-28,8,45,12,34,37,1562,668,668,8,5
12-35,Municipales,2020,2,2020-06-28,8,45,12,35,26,1473,629,629,7,8
12-36,Municipales,2020,2,2020-06-28,8,45,12,36,0,1385,476,476,11,2
12-37,Municipales,2020,2,2020-06-28,8,45,12,37,13,1344,454,454,16,2
12-38,Municipales,2020,2,2020-06-28,8,45,12,38,17,1552,575,575,6,5
12-39,Municipales,2020,2,2020-06-28,8,45,12,39,25,1219,470,470,5,7
12-40,Municipales,2020,2,2020-06-28,8,45,12,40,0,1278,499,500,9,8
12-41,Municipales,2020,2,2020-06-28,8,45,12,41,21,1283,526,526,10,5
12-42,Municipales,2020,2,2020-06-28,8,45,12,42,29,1360,517,517,7,8
12-43,Municipales,2020,2,2020-06-28,8,45,12,43,11,1165,397,398,12,4
12-44,Municipales,2020,2,2020-06-28,8,45,12,44,25,1514,536,536,12,12
12-45,Municipales,2020,2,2020-06-28,8,45,12,45,10,1287,365,365,7,7
12-46,Municipales,2020,2,2020-06-28,8,47,12,46,24,1524,507,507,5,2
12-47,Municipales,2020,2,2020-06-28,8,47,12,47,19,1451,467,467,9,5
12-48,Municipales,2020,2,2020-06-28,8,47,12,48,27,1549,491,492,5,7
12-49,Municipales,2020,2,2020-06-28,8,47,12,49,27,1600,594,594,7,8
12-50,Municipales,2020,2,2020-06-28,8,47,12,50,23,1637,524,524,9,6
12-51,Municipales,2020,2,2020-06-28,7,48,12,51,38,1505,512,512,3,6
12-52,Municipales,2020,2,2020-06-28,7,48,12,52,37,1261,519,519,7,4
12-53,Municipales,2020,2,2020-06-28,7,48,12,53,68,1624,732,732,8,8
12-54,Municipales,2020,2,2020-06-28,7,48,12,54,36,1456,480,480,9,6
12-55,Municipales,2020,2,2020-06-28,7,48,12,55,47,1485,649,649,11,6
12-56,Municipales,2020,2,2020-06-28,7,48,12,56,34,1476,630,630,7,8
12-57,Municipales,2020,2,2020-06-28,7,48,12,57,49,1519,587,587,13,2
12-58,Municipales,2020,2,2020-06-28,7,48,12,58,36,1443,621,621,10,13
12-59,Municipales,2020,2,2020-06-28,7,48,12,59,19,1249,527,527,7,3
12-60,Municipales,2020,2,2020-06-28,7,48,12,60,35,1389,511,512,10,7
12-61,Municipales,2020,2,2020-06-28,8,47,12,61,27,1486,609,609,12,10
12-62,Municipales,2020,2,2020-06-28,7,48,12,62,19,1411,600,600,8,6
12-63,Municipales,2020,2,2020-06-28,7,48,12,63,22,1350,494,494,11,8
12-64,Municipales,2020,2,2020-06-28,8,45,12,64,26,1276,527,527,5,4
6-1,Municipales,2020,2,2020-06-28,2,22,6,1,29,1320,462,462,9,0
6-2,Municipales,2020,2,2020-06-28,2,22,6,2,79,1279,501,501,2,2
6-3,Municipales,2020,2,2020-06-28,2,22,6,3,57,1428,568,568,13,6
6-4,Municipales,2020,2,2020-06-28,2,21,6,4,22,1129,413,414,6,2
6-5,Municipales,2020,2,2020-06-28,2,21,6,5,41,1194,424,424,6,1
6-6,Municipales,2020,2,2020-06-28,2,21,6,6,29,1130,442,442,7,1
6-7,Municipales,2020,2,2020-06-28,2,24,6,7,38,1012,378,378,3,5
6-8,Municipales,2020,2,2020-06-28,2,24,6,8,29,1018,379,379,7,5
6-9,Municipales,2020,2,2020-06-28,2,24,6,9,36,899,361,359,2,1
6-10,Municipales,2020,2,2020-06-28,2,22,6,10,46,1121,481,481,8,6
6-11,Municipales,2020,2,2020-06-28,11,23,6,11,28,1263,463,463,1,4
6-12,Municipales,2020,2,2020-06-28,11,23,6,12,40,1127,466,466,1,3
6-13,Municipales,2020,2,2020-06-28,11,23,6,13,85,1338,564,564,3,7
6-14,Municipales,2020,2,2020-06-28,11,23,6,14,46,1234,476,476,7,5
6-15,Municipales,2020,2,2020-06-28,11,23,6,15,49,1223,462,462,5,2
6-16,Municipales,2020,2,2020-06-28,11,23,6,16,51,1496,546,546,7,7
6-17,Municipales,2020,2,2020-06-28,11,23,6,17,31,1502,633,633,7,2
6-18,Municipales,2020,2,2020-06-28,11,23,6,18,29,1035,429,429,8,1
6-19,Municipales,2020,2,2020-06-28,11,23,6,19,27,1063,433,433,2,1
6-20,Municipales,2020,2,2020-06-28,11,23,6,20,33,1185,482,482,5,3
6-21,Municipales,2020,2,2020-06-28,11,23,6,21,30,1133,460,459,10,3
6-22,Municipales,2020,2,2020-06-28,11,23,6,22,39,1266,536,536,6,7
10-1,Municipales,2020,2,2020-06-28,5,39,10,1,51,1521,599,600,14,5
10-2,Municipales,2020,2,2020-06-28,5,39,10,2,15,1679,649,649,13,5
10-3,Municipales,2020,2,2020-06-28,5,39,10,3,50,1548,639,639,19,7
10-4,Municipales,2020,2,2020-06-28,5,39,10,4,34,1380,534,534,16,2
10-5,Municipales,2020,2,2020-06-28,5,39,10,5,31,1334,511,511,10,2
10-6,Municipales,2020,2,2020-06-28,5,39,10,6,35,1431,565,566,6,4
10-7,Municipales,2020,2,2020-06-28,5,39,10,7,36,1372,528,528,7,5
10-8,Municipales,2020,2,2020-06-28,5,39,10,8,58,1597,634,634,13,4
10-9,Municipales,2020,2,2020-06-28,5,39,10,9,48,1619,625,625,8,6
10-10,Municipales,2020,2,2020-06-28,5,39,10,10,39,1392,584,584,9,9
10-11,Municipales,2020,2,2020-06-28,5,40,10,11,44,1563,608,608,9,8
10-12,Municipales,2020,2,2020-06-28,5,40,10,12,32,1560,566,566,7,6
10-13,Municipales,2020,2,2020-06-28,5,40,10,13,18,1616,523,523,12,4
10-14,Municipales,2020,2,2020-06-28,5,40,10,14,25,1640,608,608,9,3
10-15,Municipales,2020,2,2020-06-28,5,40,10,15,32,1385,543,543,6,3
10-16,Municipales,2020,2,2020-06-28,5,40,10,16,22,1418,513,513,16,1
10-17,Municipales,2020,2,2020-06-28,5,40,10,17,10,1332,398,398,12,4
10-18,Municipales,2020,2,2020-06-28,5,40,10,18,15,1437,491,491,14,18
10-19,Municipales,2020,2,2020-06-28,5,40,10,19,27,1214,435,435,14,4
10-20,Municipales,2020,2,2020-06-28,5,40,10,20,41,1342,523,523,13,6
10-21,Municipales,2020,2,2020-06-28,5,40,10,21,28,1357,433,433,9,3
10-22,Municipales,2020,2,2020-06-28,5,40,10,22,84,1396,543,544,12,4
10-23,Municipales,2020,2,2020-06-28,5,37,10,23,41,1249,506,506,12,3
10-24,Municipales,2020,2,2020-06-28,5,37,10,24,53,1272,478,478,11,5
10-25,Municipales,2020,2,2020-06-28,5,37,10,25,27,1365,568,569,11,5
10-26,Municipales,2020,2,2020-06-28,5,37,10,26,37,1263,524,524,6,3
10-27,Municipales,2020,2,2020-06-28,5,37,10,27,51,1520,529,529,7,5
10-28,Municipales,2020,2,2020-06-28,5,37,10,28,32,1401,554,554,13,9
10-29,Municipales,2020,2,2020-06-28,5,37,10,29,47,1399,548,548,9,2
10-30,Municipales,2020,2,2020-06-28,5,37,10,30,32,1421,556,556,10,5
10-31,Municipales,2020,2,2020-06-28,5,37,10,31,25,1226,474,474,8,8
10-32,Municipales,2020,2,2020-06-28,5,37,10,32,37,1317,514,514,12,6
10-33,Municipales,2020,2,2020-06-28,5,38,10,33,28,1442,502,502,8,4
10-34,Municipales,2020,2,2020-06-28,5,38,10,34,25,1462,565,565,13,1
10-35,Municipales,2020,2,2020-06-28,5,38,10,35,35,1382,550,550,9,4
10-36,Municipales,2020,2,2020-06-28,5,38,10,36,50,1409,573,573,16,5
10-37,Municipales,2020,2,2020-06-28,5,38,10,37,31,1325,500,500,6,6
10-38,Municipales,2020,2,2020-06-28,5,38,10,38,49,1562,646,646,8,6
10-39,Municipales,2020,2,2020-06-28,5,38,10,39,84,1655,623,623,9,1
4-1,Municipales,2020,2,2020-06-28,7,14,4,1,32,1268,504,503,6,6
4-2,Municipales,2020,2,2020-06-28,7,14,4,2,28,1141,516,516,15,2
4-3,Municipales,2020,2,2020-06-28,7,14,4,3,45,1412,587,587,9,7
4-4,Municipales,2020,2,2020-06-28,7,14,4,4,57,1311,581,581,9,9
4-5,Municipales,2020,2,2020-06-28,7,15,4,5,70,1411,623,623,10,3
4-6,Municipales,2020,2,2020-06-28,7,15,4,6,47,1735,747,747,12,7
4-7,Municipales,2020,2,2020-06-28,7,15,4,7,31,1355,539,539,5,4
4-8,Municipales,2020,2,2020-06-28,7,15,4,8,32,1569,619,619,6,3
4-9,Municipales,2020,2,2020-06-28,7,16,4,9,54,1055,497,498,17,2
4-10,Municipales,2020,2,2020-06-28,7,16,4,10,28,1035,446,447,13,1
4-11,Municipales,2020,2,2020-06-28,7,13,4,11,27,1032,431,431,6,1
4-12,Municipales,2020,2,2020-06-28,7,13,4,12,25,1211,533,532,6,9
4-13,Municipales,2020,2,2020-06-28,7,13,4,13,37,1602,677,677,9,5
4-14,Municipales,2020,2,2020-06-28,7,14,4,14,47,1251,532,534,9,1
5-1,Municipales,2020,2,2020-06-28,2,20,5,1,100,1443,636,636,9,7
5-2,Municipales,2020,2,2020-06-28,2,20,5,2,64,1612,715,715,5,11
5-3,Municipales,2020,2,2020-06-28,2,20,5,3,40,1605,674,673,7,7
5-4,Municipales,2020,2,2020-06-28,2,20,5,4,67,1443,629,629,12,5
5-5,Municipales,2020,2,2020-06-28,2,19,5,5,84,1580,729,729,14,5
5-6,Municipales,2020,2,2020-06-28,2,19,5,6,61,1345,639,639,15,3
5-7,Municipales,2020,2,2020-06-28,2,19,5,7,73,1562,734,734,13,7
5-8,Municipales,2020,2,2020-06-28,2,19,5,8,64,1673,793,793,10,6
5-9,Municipales,2020,2,2020-06-28,2,19,5,9,50,1587,787,787,15,2
5-10,Municipales,2020,2,2020-06-28,2,19,5,10,109,1529,713,713,19,7
5-11,Municipales,2020,2,2020-06-28,2,19,5,11,78,1560,673,673,11,5
5-12,Municipales,2020,2,2020-06-28,2,19,5,12,53,1516,668,668,15,9
5-13,Municipales,2020,2,2020-06-28,2,18,5,13,44,1278,542,542,7,8
5-14,Municipales,2020,2,2020-06-28,2,18,5,14,64,1355,627,627,4,7
5-15,Municipales,2020,2,2020-06-28,2,18,5,15,87,1473,638,639,9,14
5-16,Municipales,2020,2,2020-06-28,2,18,5,16,61,1497,664,664,14,5
5-17,Municipales,2020,2,2020-06-28,2,18,5,17,55,1463,622,622,18,6
5-18,Municipales,2020,2,2020-06-28,2,18,5,18,76,1444,646,647,20,16
5-19,Municipales,2020,2,2020-06-28,2,18,5,19,59,1382,651,651,16,11
5-20,Municipales,2020,2,2020-06-28,2,18,5,20,42,1495,664,666,13,7
5-21,Municipales,2020,2,2020-06-28,2,17,5,21,68,1524,677,677,9,4
5-22,Municipales,2020,2,2020-06-28,2,17,5,22,66,1419,628,628,16,8
5-23,Municipales,2020,2,2020-06-28,2,17,5,23,121,1481,643,643,22,8
5-24,Municipales,2020,2,2020-06-28,2,17,5,24,67,1464,663,663,8,4
5-25,Municipales,2020,2,2020-06-28,2,17,5,25,86,1627,716,716,7,5
11-1,Municipales,2020,2,2020-06-28,7,43,11,1,38,1742,656,656,12,9
11-2,Municipales,2020,2,2020-06-28,7,43,11,2,45,1620,680,680,20,5
11-3,Municipales,2020,2,2020-06-28,7,43,11,3,38,1482,556,556,11,11
11-4,Municipales,2020,2,2020-06-28,7,43,11,4,48,1718,667,667,11,7
11-5,Municipales,2020,2,2020-06-28,7,43,11,5,28,1716,625,625,7,5
11-6,Municipales,2020,2,2020-06-28,7,99,11,6,57,1626,642,642,11,7
11-7,Municipales,2020,2,2020-06-28,7,99,11,7,55,1525,604,604,11,6
11-8,Municipales,2020,2,2020-06-28,7,44,11,8,37,1515,601,601,6,3
11-9,Municipales,2020,2,2020-06-28,7,43,11,9,58,1619,652,652,13,3
11-10,Municipales,2020,2,2020-06-28,7,43,11,10,33,1603,628,628,14,7
11-11,Municipales,2020,2,2020-06-28,7,99,11,11,38,1819,684,683,12,8
11-12,Municipales,2020,2,2020-06-28,7,43,11,12,27,1643,654,654,10,5
11-13,Municipales,2020,2,2020-06-28,7,43,11,13,39,1667,643,643,16,3
11-14,Municipales,2020,2,2020-06-28,7,43,11,14,54,1804,756,756,23,13
11-15,Municipales,2020,2,2020-06-28,7,99,11,15,50,1704,759,760,14,4
11-16,Municipales,2020,2,2020-06-28,7,42,11,16,36,1520,653,653,12,5
11-17,Municipales,2020,2,2020-06-28,7,42,11,17,62,1498,627,627,7,7
11-18,Municipales,2020,2,2020-06-28,7,42,11,18,44,1499,578,578,9,2
11-19,Municipales,2020,2,2020-06-28,7,42,11,19,36,1484,551,551,11,5
11-20,Municipales,2020,2,2020-06-28,7,99,11,20,44,1647,642,644,6,8
11-21,Municipales,2020,2,2020-06-28,7,41,11,21,53,1543,633,633,20,2
11-22,Municipales,2020,2,2020-06-28,7,41,11,22,22,1702,657,657,4,6
11-23,Municipales,2020,2,2020-06-28,7,41,11,23,82,1654,616,616,6,6
11-24,Municipales,2020,2,2020-06-28,7,99,11,24,58,1737,663,663,14,4
11-25,Municipales,2020,2,2020-06-28,7,42,11,25,40,1732,693,693,16,8
11-26,Municipales,2020,2,2020-06-28,7,42,11,26,30,1742,684,684,11,5
11-27,Municipales,2020,2,2020-06-28,6,41,11,27,34,1684,711,710,9,4
11-28,Municipales,2020,2,2020-06-28,6,41,11,28,33,1699,666,664,10,2
11-29,Municipales,2020,2,2020-06-28,6,41,11,29,39,1755,602,602,11,7
11-30,Municipales,2020,2,2020-06-28,6,41,11,30,33,1845,629,629,16,8
11-31,Municipales,2020,2,2020-06-28,6,41,11,31,32,1839,544,544,9,8
11-32,Municipales,2020,2,2020-06-28,6,41,11,32,46,1922,611,611,6,4
11-33,Municipales,2020,2,2020-06-28,6,99,11,33,30,1809,692,691,13,11
11-34,Municipales,2020,2,2020-06-28,6,99,11,34,83,1725,552,553,11,11
11-35,Municipales,2020,2,2020-06-28,6,42,11,35,48,1683,656,656,9,0
11-36,Municipales,2020,2,2020-06-28,6,42,11,36,41,1706,640,640,6,3
11-37,Municipales,2020,2,2020-06-28,6,42,11,37,38,1623,627,629,6,3
11-38,Municipales,2020,2,2020-06-28,6,42,11,38,61,1694,662,662,6,7
11-39,Municipales,2020,2,2020-06-28,6,43,11,39,34,1427,529,529,10,10
11-40,Municipales,2020,2,2020-06-28,6,99,11,40,22,1495,570,571,19,6
11-41,Municipales,2020,2,2020-06-28,6,43,11,41,25,1736,599,599,14,6
11-42,Municipales,2020,2,2020-06-28,6,43,11,42,17,1544,485,486,13,4
11-43,Municipales,2020,2,2020-06-28,6,43,11,43,63,1749,671,671,18,8
11-44,Municipales,2020,2,2020-06-28,6,44,11,44,42,1709,676,676,12,1
11-45,Municipales,2020,2,2020-06-28,6,99,11,45,27,1569,641,641,8,8
11-46,Municipales,2020,2,2020-06-28,6,99,11,46,16,1814,610,611,19,6
11-47,Municipales,2020,2,2020-06-28,6,44,11,47,37,1784,660,660,11,9
11-48,Municipales,2020,2,2020-06-28,6,44,11,48,33,1731,758,758,9,7
11-49,Municipales,2020,2,2020-06-28,6,44,11,49,53,1755,689,689,15,12
11-50,Municipales,2020,2,2020-06-28,6,44,11,50,40,1710,751,751,17,9
11-51,Municipales,2020,2,2020-06-28,6,44,11,51,37,1699,671,671,7,6
11-52,Municipales,2020,2,2020-06-28,6,44,11,52,46,1762,660,660,16,9
11-53,Municipales,2020,2,2020-06-28,6,44,11,53,52,1705,722,722,6,6
11-54,Municipales,2020,2,2020-06-28,6,44,11,54,35,1621,604,604,16,6
11-55,Municipales,2020,2,2020-06-28,6,44,11,55,32,1681,663,662,9,10
15-1,Municipales,2020,2,2020-06-28,12,57,15,1,42,1213,471,471,7,0
15-2,Municipales,2020,2,2020-06-28,12,57,15,2,67,1409,611,612,6,3
15-3,Municipales,2020,2,2020-06-28,12,57,15,3,37,1332,517,516,8,3
15-4,Municipales,2020,2,2020-06-28,12,59,15,4,34,1629,603,603,10,4
15-5,Municipales,2020,2,2020-06-28,12,59,15,5,43,1639,556,556,8,3
15-6,Municipales,2020,2,2020-06-28,12,59,15,6,49,1603,601,601,8,5
15-7,Municipales,2020,2,2020-06-28,12,59,15,7,36,1560,565,565,5,4
15-8,Municipales,2020,2,2020-06-28,12,59,15,8,46,1401,657,656,6,5
15-9,Municipales,2020,2,2020-06-28,12,59,15,9,34,1492,596,595,7,10
15-10,Municipales,2020,2,2020-06-28,12,59,15,10,30,1514,528,528,10,4
15-11,Municipales,2020,2,2020-06-28,12,59,15,11,44,1587,628,628,9,7
15-12,Municipales,2020,2,2020-06-28,12,59,15,12,35,1722,705,705,6,5
15-13,Municipales,2020,2,2020-06-28,12,59,15,13,30,1639,661,661,2,6
15-14,Municipales,2020,2,2020-06-28,12,59,15,14,48,1696,703,703,7,3
15-15,Municipales,2020,2,2020-06-28,12,59,15,15,24,1559,578,578,11,7
15-16,Municipales,2020,2,2020-06-28,12,59,15,16,26,1692,740,740,8,8
15-17,Municipales,2020,2,2020-06-28,12,59,15,17,33,1552,551,551,5,4
15-18,Municipales,2020,2,2020-06-28,12,59,15,18,16,1396,549,549,4,6
15-19,Municipales,2020,2,2020-06-28,12,59,15,19,33,1401,605,605,8,7
15-20,Municipales,2020,2,2020-06-28,12,59,15,20,11,1499,608,608,3,8
15-21,Municipales,2020,2,2020-06-28,12,59,15,21,37,1361,580,580,5,2
15-22,Municipales,2020,2,2020-06-28,12,59,15,22,51,1450,574,574,6,2
15-23,Municipales,2020,2,2020-06-28,12,58,15,23,25,1521,674,674,10,9
15-24,Municipales,2020,2,2020-06-28,12,58,15,24,55,1556,602,602,9,3
15-25,Municipales,2020,2,2020-06-28,12,58,15,25,57,1580,688,688,5,2
15-26,Municipales,2020,2,2020-06-28,12,58,15,26,50,1570,601,601,8,4
15-27,Municipales,2020,2,2020-06-28,12,58,15,27,13,1463,500,500,10,9
15-28,Municipales,2020,2,2020-06-28,12,58,15,28,23,1498,590,590,9,6
15-29,Municipales,2020,2,2020-06-28,12,58,15,29,52,1510,663,662,6,7
15-30,Municipales,2020,2,2020-06-28,12,58,15,30,66,1531,655,655,6,7
15-31,Municipales,2020,2,2020-06-28,12,58,15,31,30,1570,652,652,5,10
15-32,Municipales,2020,2,2020-06-28,12,58,15,32,75,1503,658,658,12,3
15-33,Municipales,2020,2,2020-06-28,12,58,15,33,55,1515,631,631,4,5
15-34,Municipales,2020,2,2020-06-28,12,58,15,34,32,1651,669,669,7,12
15-35,Municipales,2020,2,2020-06-28,12,58,15,35,42,1653,617,620,4,15
15-36,Municipales,2020,2,2020-06-28,12,58,15,36,38,1585,611,611,11,3
15-37,Municipales,2020,2,2020-06-28,12,58,15,37,46,1577,633,635,9,3
15-38,Municipales,2020,2,2020-06-28,12,58,15,38,20,1512,561,561,14,6
15-39,Municipales,2020,2,2020-06-28,12,58,15,39,25,1554,501,501,10,10
15-40,Municipales,2020,2,2020-06-28,12,58,15,40,24,1479,544,544,12,6
15-41,Municipales,2020,2,2020-06-28,12,58,15,41,40,1599,620,620,11,6
15-42,Municipales,2020,2,2020-06-28,12,57,15,42,20,1085,405,405,8,2
15-43,Municipales,2020,2,2020-06-28,12,57,15,43,44,1319,584,584,6,5
15-44,Municipales,2020,2,2020-06-28,12,57,15,44,19,1561,591,591,11,6
15-45,Municipales,2020,2,2020-06-28,13,57,15,45,30,1576,586,586,12,5
15-46,Municipales,2020,2,2020-06-28,13,57,15,46,30,1464,597,598,12,7
15-47,Municipales,2020,2,2020-06-28,13,57,15,47,29,1616,598,598,16,7
15-48,Municipales,2020,2,2020-06-28,13,57,15,48,12,1523,429,429,9,4
15-49,Municipales,2020,2,2020-06-28,13,57,15,49,17,1587,502,502,3,5
15-50,Municipales,2020,2,2020-06-28,13,57,15,50,21,1471,493,493,8,6
15-51,Municipales,2020,2,2020-06-28,13,57,15,51,23,1593,593,593,13,9
15-52,Municipales,2020,2,2020-06-28,13,57,15,52,14,1528,457,457,9,8
15-53,Municipales,2020,2,2020-06-28,13,57,15,53,27,1570,519,519,10,5
15-54,Municipales,2020,2,2020-06-28,13,57,15,54,32,1524,614,614,11,5
15-55,Municipales,2020,2,2020-06-28,13,57,15,55,28,1501,586,586,7,5
15-56,Municipales,2020,2,2020-06-28,13,57,15,56,53,1702,725,725,22,6
15-57,Municipales,2020,2,2020-06-28,13,57,15,57,33,1477,607,607,8,4
15-58,Municipales,2020,2,2020-06-28,13,57,15,58,45,1495,586,586,12,6
15-59,Municipales,2020,2,2020-06-28,13,57,15,59,27,1525,591,591,6,11
15-60,Municipales,2020,2,2020-06-28,13,57,15,60,60,1602,707,707,11,10
15-61,Municipales,2020,2,2020-06-28,13,57,15,61,46,1495,589,589,8,4
15-62,Municipales,2020,2,2020-06-28,13,57,15,62,56,1547,630,630,5,4
15-63,Municipales,2020,2,2020-06-28,13,57,15,63,28,1389,578,577,8,2
15-64,Municipales,2020,2,2020-06-28,13,57,15,64,35,1407,552,552,6,3
15-65,Municipales,2020,2,2020-06-28,13,57,15,65,34,1385,536,536,7,5
15-66,Municipales,2020,2,2020-06-28,13,57,15,66,45,1537,602,602,10,7
15-67,Municipales,2020,2,2020-06-28,13,57,15,67,34,1596,545,544,8,7
15-68,Municipales,2020,2,2020-06-28,13,57,15,68,42,1636,694,694,9,5
15-69,Municipales,2020,2,2020-06-28,13,57,15,69,45,1665,553,553,5,7
15-70,Municipales,2020,2,2020-06-28,13,57,15,70,31,1671,658,659,5,6
15-71,Municipales,2020,2,2020-06-28,13,57,15,71,35,1640,597,597,8,10
15-72,Municipales,2020,2,2020-06-28,13,57,15,72,34,1499,514,514,10,12
15-73,Municipales,2020,2,2020-06-28,13,57,15,73,32,1379,521,522,6,2
15-74,Municipales,2020,2,2020-06-28,13,60,15,74,41,1573,598,599,7,4
15-75,Municipales,2020,2,2020-06-28,13,60,15,75,33,1389,549,549,9,11
15-76,Municipales,2020,2,2020-06-28,13,60,15,76,4,1185,360,362,9,4
15-77,Municipales,2020,2,2020-06-28,13,60,15,77,26,1513,573,573,11,5
15-78,Municipales,2020,2,2020-06-28,13,60,15,78,18,1086,406,406,14,3
15-79,Municipales,2020,2,2020-06-28,13,60,15,79,21,1251,510,510,12,7
15-80,Municipales,2020,2,2020-06-28,13,60,15,80,7,1510,554,554,15,9
15-81,Municipales,2020,2,2020-06-28,13,60,15,81,21,1499,575,576,8,7
15-82,Municipales,2020,2,2020-06-28,13,60,15,82,40,1480,496,495,15,10
15-83,Municipales,2020,2,2020-06-28,13,60,15,83,61,1558,635,635,7,5
15-84,Municipales,2020,2,2020-06-28,13,60,15,84,26,1447,555,555,5,6
15-85,Municipales,2020,2,2020-06-28,13,60,15,85,45,1655,636,636,14,9
15-86,Municipales,2020,2,2020-06-28,13,60,15,86,12,1287,487,487,6,7
15-87,Municipales,2020,2,2020-06-28,13,60,15,87,32,1478,527,527,9,7
15-88,Municipales,2020,2,2020-06-28,13,60,15,88,31,1506,559,559,5,3
15-89,Municipales,2020,2,2020-06-28,13,60,15,89,35,1447,547,547,7,10
15-90,Municipales,2020,2,2020-06-28,13,60,15,90,31,1356,528,528,8,2
15-91,Municipales,2020,2,2020-06-28,13,60,15,91,36,1571,649,649,9,3
15-92,Municipales,2020,2,2020-06-28,13,60,15,92,14,1462,572,572,6,4
15-93,Municipales,2020,2,2020-06-28,13,60,15,93,27,1525,617,617,12,7
15-94,Municipales,2020,2,2020-06-28,13,60,15,94,30,1532,488,489,11,5
15-95,Municipales,2020,2,2020-06-28,13,60,15,95,35,1400,466,466,10,5
1-1,Municipales,2020,2,2020-06-28,1,1,1,1,31,1047,414,414,6,9
1-2,Municipales,2020,2,2020-06-28,1,2,1,2,33,1209,491,491,7,4
1-3,Municipales,2020,2,2020-06-28,1,2,1,3,38,1243,547,547,2,3
1-4,Municipales,2020,2,2020-06-28,1,2,1,4,34,1338,537,537,13,4
1-5,Municipales,2020,2,2020-06-28,1,2,1,5,18,1053,395,396,5,3
1-6,Municipales,2020,2,2020-06-28,1,2,1,6,37,1228,496,496,15,4
1-7,Municipales,2020,2,2020-06-28,1,3,1,7,38,1134,485,485,4,4
1-8,Municipales,2020,2,2020-06-28,1,3,1,8,15,964,380,379,7,5
1-9,Municipales,2020,2,2020-06-28,1,4,1,9,31,985,394,394,3,5
1-10,Municipales,2020,2,2020-06-28,1,4,1,10,34,897,322,322,1,2
14-1,Municipales,2020,2,2020-06-28,11,55,14,1,45,1366,568,568,4,0
14-2,Municipales,2020,2,2020-06-28,11,55,14,2,41,1496,620,620,3,3
14-3,Municipales,2020,2,2020-06-28,11,55,14,3,64,1616,757,757,7,2
14-4,Municipales,2020,2,2020-06-28,11,55,14,4,42,1528,631,631,7,7
14-5,Municipales,2020,2,2020-06-28,11,55,14,5,40,1408,613,613,3,2
14-6,Municipales,2020,2,2020-06-28,11,55,14,6,35,1476,687,687,4,4
14-7,Municipales,2020,2,2020-06-28,11,55,14,7,32,1476,619,621,4,2
14-8,Municipales,2020,2,2020-06-28,11,55,14,8,32,1488,655,655,5,8
14-9,Municipales,2020,2,2020-06-28,11,55,14,9,31,1516,646,646,9,2
14-10,Municipales,2020,2,2020-06-28,11,55,14,10,18,1439,519,519,5,9
14-11,Municipales,2020,2,2020-06-28,11,55,14,11,24,1398,590,590,4,10
14-12,Municipales,2020,2,2020-06-28,11,55,14,12,35,1570,649,649,13,5
14-13,Municipales,2020,2,2020-06-28,11,55,14,13,40,1554,664,664,4,10
14-14,Municipales,2020,2,2020-06-28,11,56,14,14,53,1578,752,752,4,3
14-15,Municipales,2020,2,2020-06-28,11,56,14,15,33,1577,639,640,7,4
14-16,Municipales,2020,2,2020-06-28,11,56,14,16,33,1541,575,575,7,7
14-17,Municipales,2020,2,2020-06-28,11,56,14,17,42,1504,684,684,5,8
14-18,Municipales,2020,2,2020-06-28,11,56,14,18,29,1582,627,627,7,4
14-19,Municipales,2020,2,2020-06-28,11,56,14,19,26,1658,564,564,9,7
14-20,Municipales,2020,2,2020-06-28,11,56,14,20,18,1413,517,517,11,8
14-21,Municipales,2020,2,2020-06-28,11,56,14,21,7,1415,443,443,9,14
14-22,Municipales,2020,2,2020-06-28,11,56,14,22,21,1555,523,523,6,5
14-23,Municipales,2020,2,2020-06-28,11,56,14,23,32,1553,623,623,13,6
14-24,Municipales,2020,2,2020-06-28,11,56,14,24,24,1616,683,683,7,6
14-25,Municipales,2020,2,2020-06-28,11,56,14,25,44,1561,657,657,5,1
14-26,Municipales,2020,2,2020-06-28,11,53,14,26,19,1305,561,561,9,0
14-27,Municipales,2020,2,2020-06-28,11,53,14,27,37,1107,448,450,1,4
14-28,Municipales,2020,2,2020-06-28,11,53,14,28,89,1564,689,690,7,8
14-29,Municipales,2020,2,2020-06-28,11,53,14,29,34,1626,640,640,9,3
14-30,Municipales,2020,2,2020-06-28,11,53,14,30,38,1416,629,629,6,2
14-31,Municipales,2020,2,2020-06-28,11,53,14,31,55,1399,629,629,7,3
14-32,Municipales,2020,2,2020-06-28,11,53,14,32,38,1422,589,590,5,63
14-33,Municipales,2020,2,2020-06-28,11,53,14,33,33,1573,641,641,5,2
14-34,Municipales,2020,2,2020-06-28,11,54,14,34,30,1377,592,592,9,4
14-35,Municipales,2020,2,2020-06-28,11,54,14,35,29,1495,659,659,9,2
14-36,Municipales,2020,2,2020-06-28,11,54,14,36,19,1321,435,435,1,2
14-37,Municipales,2020,2,2020-06-28,11,54,14,37,14,1491,594,594,12,4
14-38,Municipales,2020,2,2020-06-28,11,54,14,38,35,1321,573,573,3,5
14-39,Municipales,2020,2,2020-06-28,11,54,14,39,32,1461,565,566,3,1
14-40,Municipales,2020,2,2020-06-28,10,54,14,40,29,1596,620,620,5,0
14-41,Municipales,2020,2,2020-06-28,10,54,14,41,35,1701,623,623,6,4
14-42,Municipales,2020,2,2020-06-28,10,55,14,42,28,1766,685,685,8,6
14-43,Municipales,2020,2,2020-06-28,10,55,14,43,34,1492,638,638,5,2
14-44,Municipales,2020,2,2020-06-28,10,55,14,44,37,1513,534,534,9,2
14-45,Municipales,2020,2,2020-06-28,10,55,14,45,24,1560,452,452,4,7
14-46,Municipales,2020,2,2020-06-28,10,56,14,46,30,1377,591,591,6,3
14-47,Municipales,2020,2,2020-06-28,10,56,14,47,28,1423,506,506,10,11
14-48,Municipales,2020,2,2020-06-28,10,56,14,48,14,1511,526,526,12,7
14-49,Municipales,2020,2,2020-06-28,10,56,14,49,30,1587,678,678,7,7
14-50,Municipales,2020,2,2020-06-28,10,56,14,50,42,1532,607,607,5,8
14-51,Municipales,2020,2,2020-06-28,10,56,14,51,14,1422,507,507,7,4
14-52,Municipales,2020,2,2020-06-28,10,56,14,52,13,1524,461,462,6,2
14-53,Municipales,2020,2,2020-06-28,10,56,14,53,10,1471,431,431,6,5
14-54,Municipales,2020,2,2020-06-28,10,56,14,54,19,1565,583,583,2,4
14-55,Municipales,2020,2,2020-06-28,10,56,14,55,16,1676,581,581,9,9
14-56,Municipales,2020,2,2020-06-28,10,56,14,56,11,1451,414,414,13,7
14-57,Municipales,2020,2,2020-06-28,10,56,14,57,4,1539,370,370,11,7
2-1,Municipales,2020,2,2020-06-28,1,6,2,1,21,1185,435,435,10,1
2-2,Municipales,2020,2,2020-06-28,1,6,2,2,23,1036,407,407,7,1
2-3,Municipales,2020,2,2020-06-28,1,5,2,3,19,845,286,286,3,5
2-4,Municipales,2020,2,2020-06-28,1,7,2,4,31,1520,578,578,8,1
2-5,Municipales,2020,2,2020-06-28,1,7,2,5,23,1442,540,539,10,3
2-6,Municipales,2020,2,2020-06-28,1,7,2,6,51,1459,559,559,7,7
2-7,Municipales,2020,2,2020-06-28,1,8,2,7,30,1494,594,594,10,5
2-8,Municipales,2020,2,2020-06-28,1,8,2,8,53,1821,660,660,8,3
2-9,Municipales,2020,2,2020-06-28,1,8,2,9,32,1707,621,621,10,6
2-10,Municipales,2020,2,2020-06-28,1,8,2,10,22,1381,528,528,3,4
16-1,Municipales,2020,2,2020-06-28,14,62,16,1,24,1468,464,465,17,5
16-2,Municipales,2020,2,2020-06-28,14,62,16,2,40,1557,545,545,11,9
16-3,Municipales,2020,2,2020-06-28,14,62,16,3,26,1513,441,441,8,3
16-4,Municipales,2020,2,2020-06-28,14,62,16,4,50,1610,500,504,4,4
16-5,Municipales,2020,2,2020-06-28,14,62,16,5,31,1286,404,404,10,5
16-6,Municipales,2020,2,2020-06-28,14,62,16,6,61,1287,501,501,13,5
16-7,Municipales,2020,2,2020-06-28,14,62,16,7,30,1375,417,417,18,4
16-8,Municipales,2020,2,2020-06-28,14,62,16,8,26,1277,446,445,7,13
16-9,Municipales,2020,2,2020-06-28,14,62,16,9,35,1221,425,425,11,4
16-10,Municipales,2020,2,2020-06-28,14,62,16,10,27,1397,454,454,11,4
16-11,Municipales,2020,2,2020-06-28,14,62,16,11,59,1249,426,426,14,4
16-12,Municipales,2020,2,2020-06-28,14,62,16,12,21,1285,405,405,16,0
16-13,Municipales,2020,2,2020-06-28,14,62,16,13,29,1411,507,507,15,9
16-14,Municipales,2020,2,2020-06-28,14,62,16,14,39,1309,459,459,11,4
16-15,Municipales,2020,2,2020-06-28,14,62,16,15,33,1252,436,436,18,8
16-16,Municipales,2020,2,2020-06-28,14,62,16,16,33,1331,475,475,13,7
16-17,Municipales,2020,2,2020-06-28,14,62,16,17,28,1416,561,561,18,3
16-18,Municipales,2020,2,2020-06-28,14,62,16,18,26,1412,483,482,14,16
16-19,Municipales,2020,2,2020-06-28,14,62,16,19,34,1325,436,436,22,8
16-20,Municipales,2020,2,2020-06-28,14,62,16,20,44,1523,523,523,16,5
16-21,Municipales,2020,2,2020-06-28,14,61,16,21,27,1469,519,519,20,10
16-22,Municipales,2020,2,2020-06-28,14,61,16,22,39,1632,601,601,28,3
16-23,Municipales,2020,2,2020-06-28,14,61,16,23,37,1409,516,516,18,4
16-24,Municipales,2020,2,2020-06-28,14,61,16,24,19,1429,437,437,18,2
16-25,Municipales,2020,2,2020-06-28,14,61,16,25,22,1444,458,458,16,14
16-26,Municipales,2020,2,2020-06-28,14,61,16,26,25,1474,488,488,13,6
16-27,Municipales,2020,2,2020-06-28,14,61,16,27,38,1304,452,452,10,6
16-28,Municipales,2020,2,2020-06-28,14,61,16,28,28,1284,440,441,13,10
16-29,Municipales,2020,2,2020-06-28,14,61,16,29,37,1299,459,458,19,8
16-30,Municipales,2020,2,2020-06-28,14,61,16,30,36,1381,489,489,18,6
16-31,Municipales,2020,2,2020-06-28,14,61,16,31,38,1364,490,490,17,7
16-32,Municipales,2020,2,2020-06-28,14,61,16,32,31,1503,482,483,21,10
16-33,Municipales,2020,2,2020-06-28,14,61,16,33,39,1521,527,527,24,3
16-34,Municipales,2020,2,2020-06-28,14,61,16,34,52,1647,544,544,10,4
16-35,Municipales,2020,2,2020-06-28,14,61,16,35,56,1206,455,456,7,7
16-36,Municipales,2020,2,2020-06-28,14,61,16,36,17,1481,409,409,25,8
16-37,Municipales,2020,2,2020-06-28,14,61,16,37,29,1410,483,482,24,8
16-38,Municipales,2020,2,2020-06-28,14,61,16,38,41,1582,533,532,20,7
16-39,Municipales,2020,2,2020-06-28,14,61,16,39,32,1497,454,454,26,8
16-40,Municipales,2020,2,2020-06-28,14,61,16,40,26,1539,437,437,20,10
16-41,Municipales,2020,2,2020-06-28,14,61,16,41,12,1552,485,485,31,12
16-42,Municipales,2020,2,2020-06-28,14,61,16,42,34,1185,385,384,11,2
16-43,Municipales,2020,2,2020-06-28,14,61,16,43,19,1295,392,392,13,5
16-44,Municipales,2020,2,2020-06-28,14,61,16,44,9,1311,378,378,31,13
16-45,Municipales,2020,2,2020-06-28,14,61,16,45,13,1368,359,359,23,5
16-46,Municipales,2020,2,2020-06-28,14,61,16,46,11,1228,341,340,27,9
16-47,Municipales,2020,2,2020-06-28,14,61,16,47,10,1591,473,473,33,9
16-48,Municipales,2020,2,2020-06-28,14,61,16,48,23,1445,484,484,30,3
16-49,Municipales,2020,2,2020-06-28,14,61,16,49,28,1573,548,548,10,13
16-50,Municipales,2020,2,2020-06-28,14,61,16,50,24,1686,583,583,23,8
16-51,Municipales,2020,2,2020-06-28,14,63,16,51,43,1709,494,495,22,2
16-52,Municipales,2020,2,2020-06-28,14,63,16,52,13,1621,489,489,15,5
16-53,Municipales,2020,2,2020-06-28,4,63,16,53,21,1449,423,423,9,6
16-54,Municipales,2020,2,2020-06-28,4,63,16,54,24,1410,372,372,6,4
16-55,Municipales,2020,2,2020-06-28,4,63,16,55,23,1578,543,543,12,3
16-56,Municipales,2020,2,2020-06-28,4,63,16,56,23,1483,452,466,3,11
16-57,Municipales,2020,2,2020-06-28,4,63,16,57,25,1493,492,492,26,3
16-58,Municipales,2020,2,2020-06-28,4,63,16,58,15,1497,438,438,6,7
16-59,Municipales,2020,2,2020-06-28,4,63,16,59,32,1509,552,551,11,2
16-60,Municipales,2020,2,2020-06-28,4,63,16,60,38,1504,486,486,11,4
16-61,Municipales,2020,2,2020-06-28,4,64,16,61,33,1372,429,429,6,5
16-62,Municipales,2020,2,2020-06-28,4,64,16,62,13,1469,453,453,22,4
16-63,Municipales,2020,2,2020-06-28,4,64,16,63,76,1430,456,456,20,10
16-64,Municipales,2020,2,2020-06-28,4,64,16,64,17,1191,401,401,13,4
16-65,Municipales,2020,2,2020-06-28,4,65,16,65,10,1389,420,420,15,4
16-66,Municipales,2020,2,2020-06-28,4,64,16,66,11,1203,320,320,10,2
16-67,Municipales,2020,2,2020-06-28,4,64,16,67,18,1332,425,425,14,6
16-68,Municipales,2020,2,2020-06-28,4,64,16,68,33,1396,386,386,11,6
17-1,Municipales,2020,2,2020-06-28,3,67,17,1,25,1405,493,493,7,4
17-2,Municipales,2020,2,2020-06-28,3,67,17,2,29,1460,497,497,4,2
17-3,Municipales,2020,2,2020-06-28,3,67,17,3,47,1505,553,553,7,5
17-4,Municipales,2020,2,2020-06-28,3,67,17,4,29,1548,546,547,12,2
17-5,Municipales,2020,2,2020-06-28,3,67,17,5,38,1456,592,592,9,3
17-6,Municipales,2020,2,2020-06-28,3,67,17,6,48,1435,519,519,12,9
17-7,Municipales,2020,2,2020-06-28,3,67,17,7,49,1454,618,618,10,5
17-8,Municipales,2020,2,2020-06-28,3,67,17,8,36,1523,572,572,9,5
17-9,Municipales,2020,2,2020-06-28,3,67,17,9,50,1701,680,680,12,5
17-10,Municipales,2020,2,2020-06-28,3,67,17,10,29,1410,513,511,7,5
17-11,Municipales,2020,2,2020-06-28,3,67,17,11,30,1446,576,576,8,3
17-12,Municipales,2020,2,2020-06-28,3,67,17,12,32,1508,580,580,12,6
17-13,Municipales,2020,2,2020-06-28,3,67,17,13,33,1600,567,567,4,4
17-14,Municipales,2020,2,2020-06-28,3,67,17,14,45,1591,585,585,6,5
17-15,Municipales,2020,2,2020-06-28,3,67,17,15,31,1469,567,567,7,5
17-16,Municipales,2020,2,2020-06-28,3,67,17,16,37,2225,820,821,8,13
17-17,Municipales,2020,2,2020-06-28,3,67,17,17,12,1566,491,491,9,6
17-18,Municipales,2020,2,2020-06-28,3,68,17,18,12,1466,477,477,7,8
17-19,Municipales,2020,2,2020-06-28,3,68,17,19,4,1248,285,285,11,2
17-20,Municipales,2020,2,2020-06-28,3,68,17,20,3,1333,358,358,12,4
17-21,Municipales,2020,2,2020-06-28,3,68,17,21,36,1408,499,499,8,5
17-22,Municipales,2020,2,2020-06-28,3,68,17,22,18,1215,433,433,6,3
17-23,Municipales,2020,2,2020-06-28,3,68,17,23,4,1417,321,321,7,4
17-24,Municipales,2020,2,2020-06-28,3,68,17,24,24,1171,495,495,9,4
17-25,Municipales,2020,2,2020-06-28,3,68,17,25,25,1851,654,654,20,5
17-26,Municipales,2020,2,2020-06-28,3,68,17,26,25,1419,491,491,9,4
17-27,Municipales,2020,2,2020-06-28,3,68,17,27,18,1615,518,518,9,9
17-28,Municipales,2020,2,2020-06-28,3,68,17,28,31,1630,629,629,11,2
17-29,Municipales,2020,2,2020-06-28,3,68,17,29,33,1775,615,615,6,5
17-30,Municipales,2020,2,2020-06-28,3,68,17,30,32,1322,494,495,14,8
17-31,Municipales,2020,2,2020-06-28,3,68,17,31,24,1413,513,513,8,3
17-32,Municipales,2020,2,2020-06-28,3,68,17,32,27,1472,551,551,7,5
17-33,Municipales,2020,2,2020-06-28,3,68,17,33,28,1444,530,530,1,3
17-34,Municipales,2020,2,2020-06-28,3,68,17,34,26,1440,552,552,13,4
17-35,Municipales,2020,2,2020-06-28,3,68,17,35,27,1292,505,505,15,2
17-36,Municipales,2020,2,2020-06-28,4,66,17,36,20,1475,475,475,7,6
17-37,Municipales,2020,2,2020-06-28,4,66,17,37,33,1473,590,590,5,5
17-38,Municipales,2020,2,2020-06-28,4,66,17,38,20,1466,573,574,8,4
17-39,Municipales,2020,2,2020-06-28,4,66,17,39,12,1423,408,408,2,11
17-40,Municipales,2020,2,2020-06-28,4,66,17,40,53,1517,627,625,9,4
17-41,Municipales,2020,2,2020-06-28,4,66,17,41,54,1537,599,599,6,2
17-42,Municipales,2020,2,2020-06-28,4,66,17,42,38,1598,640,640,6,1
17-43,Municipales,2020,2,2020-06-28,4,66,17,43,43,1504,572,572,6,1
17-44,Municipales,2020,2,2020-06-28,4,66,17,44,37,1545,567,570,11,3
17-45,Municipales,2020,2,2020-06-28,4,66,17,45,51,1552,593,593,4,2
17-46,Municipales,2020,2,2020-06-28,4,66,17,46,46,1535,560,561,4,4
17-47,Municipales,2020,2,2020-06-28,4,66,17,47,77,1481,624,624,5,4
17-48,Municipales,2020,2,2020-06-28,4,66,17,48,40,1381,515,515,7,2
17-49,Municipales,2020,2,2020-06-28,4,66,17,49,37,1391,616,617,0,6
17-50,Municipales,2020,2,2020-06-28,4,66,17,50,42,1460,597,597,3,1
17-51,Municipales,2020,2,2020-06-28,4,66,17,51,25,1421,572,572,4,1
17-52,Municipales,2020,2,2020-06-28,4,66,17,52,29,1525,598,598,10,3
17-53,Municipales,2020,2,2020-06-28,4,65,17,53,41,1567,634,634,6,3
17-54,Municipales,2020,2,2020-06-28,4,65,17,54,41,1586,631,631,6,6
17-55,Municipales,2020,2,2020-06-28,4,65,17,55,31,1640,625,625,5,3
17-56,Municipales,2020,2,2020-06-28,4,65,17,56,41,1730,610,610,5,5
17-57,Municipales,2020,2,2020-06-28,4,65,17,57,38,1505,476,474,6,6
17-58,Municipales,2020,2,2020-06-28,4,65,17,58,19,1474,494,494,7,6
17-59,Municipales,2020,2,2020-06-28,4,65,17,59,25,1533,512,512,8,1
17-60,Municipales,2020,2,2020-06-28,4,65,17,60,29,1454,543,543,10,0
17-61,Municipales,2020,2,2020-06-28,4,65,17,61,47,1478,579,579,6,1
17-62,Municipales,2020,2,2020-06-28,4,65,17,62,49,1473,620,620,11,8
17-63,Municipales,2020,2,2020-06-28,4,65,17,63,39,1492,517,517,4,2
17-64,Municipales,2020,2,2020-06-28,4,65,17,64,32,1491,574,575,6,2
17-65,Municipales,2020,2,2020-06-28,4,65,17,65,36,1383,532,533,6,4
17-66,Municipales,2020,2,2020-06-28,4,65,17,66,20,1644,563,563,8,3
17-67,Municipales,2020,2,2020-06-28,4,65,17,67,41,1615,584,584,2,0
3-1,Municipales,2020,2,2020-06-28,5,10,3,1,24,1411,578,578,8,3
3-2,Municipales,2020,2,2020-06-28,5,10,3,2,31,1547,600,600,7,6
3-3,Municipales,2020,2,2020-06-28,5,10,3,3,30,1312,540,540,12,4
3-4,Municipales,2020,2,2020-06-28,5,10,3,4,33,1416,578,578,8,3
3-5,Municipales,2020,2,2020-06-28,5,11,3,5,34,1266,519,519,4,3
3-6,Municipales,2020,2,2020-06-28,5,11,3,6,39,1396,574,574,9,4
3-7,Municipales,2020,2,2020-06-28,5,11,3,7,43,1460,604,604,9,3
3-8,Municipales,2020,2,2020-06-28,5,11,3,8,56,1323,587,587,9,9
3-9,Municipales,2020,2,2020-06-28,5,12,3,9,36,1649,707,707,8,6
3-10,Municipales,2020,2,2020-06-28,5,12,3,10,43,1682,655,655,10,2
3-11,Municipales,2020,2,2020-06-28,5,12,3,11,47,1571,640,640,11,4
3-12,Municipales,2020,2,2020-06-28,5,9,3,12,27,1450,553,553,7,3
3-13,Municipales,2020,2,2020-06-28,5,9,3,13,29,1543,548,548,6,3
3-14,Municipales,2020,2,2020-06-28,5,9,3,14,67,1676,705,705,4,3
3-15,Municipales,2020,2,2020-06-28,5,9,3,15,45,1479,605,605,9,4
19-1,Municipales,2020,2,2020-06-28,16,76,19,1,22,1573,510,510,7,2
19-2,Municipales,2020,2,2020-06-28,16,76,19,2,31,1499,460,460,7,5
19-3,Municipales,2020,2,2020-06-28,16,76,19,3,13,1110,367,367,6,3
19-4,Municipales,2020,2,2020-06-28,16,76,19,4,23,1316,468,468,6,5
19-5,Municipales,2020,2,2020-06-28,16,76,19,5,43,1339,483,483,4,2
19-6,Municipales,2020,2,2020-06-28,16,76,19,6,38,1369,497,496,7,7
19-7,Municipales,2020,2,2020-06-28,17,76,19,7,8,1376,508,508,10,10
19-8,Municipales,2020,2,2020-06-28,17,76,19,8,16,1341,381,381,11,9
19-9,Municipales,2020,2,2020-06-28,16,76,19,9,18,1733,617,617,12,5
19-10,Municipales,2020,2,2020-06-28,16,76,19,10,33,1627,644,644,11,6
19-11,Municipales,2020,2,2020-06-28,16,76,19,11,23,1612,609,609,10,3
19-12,Municipales,2020,2,2020-06-28,16,76,19,12,28,1638,674,674,8,1
19-13,Municipales,2020,2,2020-06-28,16,76,19,13,68,1698,628,628,11,5
19-14,Municipales,2020,2,2020-06-28,16,76,19,14,50,1723,579,579,7,0
19-15,Municipales,2020,2,2020-06-28,16,76,19,15,26,1460,582,582,14,2
19-16,Municipales,2020,2,2020-06-28,16,76,19,16,41,1678,652,652,2,10
19-17,Municipales,2020,2,2020-06-28,16,76,19,17,40,1491,576,576,4,2
19-18,Municipales,2020,2,2020-06-28,16,75,19,18,9,785,202,202,4,9
19-19,Municipales,2020,2,2020-06-28,16,75,19,19,15,1254,246,246,7,9
19-20,Municipales,2020,2,2020-06-28,16,75,19,20,10,1485,369,369,14,6
19-21,Municipales,2020,2,2020-06-28,16,75,19,21,30,1624,510,510,7,2
19-22,Municipales,2020,2,2020-06-28,16,75,19,22,3,1482,306,306,5,9
19-23,Municipales,2020,2,2020-06-28,16,75,19,23,8,1569,449,449,8,4
19-24,Municipales,2020,2,2020-06-28,16,75,19,24,12,1509,448,448,10,9
19-25,Municipales,2020,2,2020-06-28,16,75,19,25,33,1571,535,535,6,6
19-26,Municipales,2020,2,2020-06-28,16,75,19,26,26,1458,479,479,5,12
19-27,Municipales,2020,2,2020-06-28,16,75,19,27,23,1784,554,554,10,6
19-28,Municipales,2020,2,2020-06-28,16,75,19,28,44,1663,622,622,6,7
19-29,Municipales,2020,2,2020-06-28,16,75,19,29,18,1444,457,457,13,2
19-30,Municipales,2020,2,2020-06-28,16,75,19,30,28,1571,632,632,11,4
19-31,Municipales,2020,2,2020-06-28,16,75,19,31,19,1510,566,566,15,5
19-32,Municipales,2020,2,2020-06-28,16,75,19,32,37,1508,658,658,10,5
19-33,Municipales,2020,2,2020-06-28,16,75,19,33,15,1412,383,383,9,6
19-34,Municipales,2020,2,2020-06-28,16,75,19,34,24,1313,471,471,12,1
19-35,Municipales,2020,2,2020-06-28,16,75,19,35,10,1114,281,281,4,9
19-36,Municipales,2020,2,2020-06-28,16,75,19,36,14,1358,439,439,10,12
19-37,Municipales,2020,2,2020-06-28,16,75,19,37,10,1387,359,359,8,7
19-38,Municipales,2020,2,2020-06-28,16,75,19,38,21,1407,443,443,12,5
19-39,Municipales,2020,2,2020-06-28,16,75,19,39,17,1453,493,493,11,5
19-40,Municipales,2020,2,2020-06-28,16,75,19,40,14,1407,383,383,10,7
19-41,Municipales,2020,2,2020-06-28,16,74,19,41,14,1487,377,377,14,6
19-42,Municipales,2020,2,2020-06-28,16,74,19,42,3,1209,248,248,2,4
19-43,Municipales,2020,2,2020-06-28,16,74,19,43,5,1398,271,271,4,1
19-44,Municipales,2020,2,2020-06-28,16,74,19,44,7,1534,342,342,17,5
19-45,Municipales,2020,2,2020-06-28,16,74,19,45,22,1570,457,457,9,13
19-46,Municipales,2020,2,2020-06-28,16,74,19,46,15,1847,561,561,13,4
19-47,Municipales,2020,2,2020-06-28,16,74,19,47,37,1875,624,624,11,3
19-48,Municipales,2020,2,2020-06-28,16,74,19,48,26,1876,620,620,8,8
19-49,Municipales,2020,2,2020-06-28,16,74,19,49,10,1648,498,498,5,8
19-50,Municipales,2020,2,2020-06-28,16,74,19,50,16,1099,351,351,4,6
19-51,Municipales,2020,2,2020-06-28,17,73,19,51,15,1582,372,372,11,6
19-52,Municipales,2020,2,2020-06-28,17,73,19,52,13,1550,450,450,11,7
19-53,Municipales,2020,2,2020-06-28,17,73,19,53,16,1493,399,399,11,3
19-54,Municipales,2020,2,2020-06-28,17,73,19,54,29,1569,507,507,1,3
19-55,Municipales,2020,2,2020-06-28,17,73,19,55,9,1500,338,338,8,5
19-56,Municipales,2020,2,2020-06-28,17,73,19,56,13,1412,418,418,12,5
19-57,Municipales,2020,2,2020-06-28,17,73,19,57,4,1363,300,300,7,2
19-58,Municipales,2020,2,2020-06-28,17,73,19,58,34,1611,602,602,13,6
19-59,Municipales,2020,2,2020-06-28,17,73,19,59,29,1584,549,549,13,6
19-60,Municipales,2020,2,2020-06-28,17,73,19,60,22,1622,523,523,10,5
19-61,Municipales,2020,2,2020-06-28,17,73,19,61,29,1514,488,488,10,3
19-62,Municipales,2020,2,2020-06-28,17,73,19,62,18,1623,483,483,11,5
19-63,Municipales,2020,2,2020-06-28,17,73,19,63,33,1483,446,446,5,6
19-64,Municipales,2020,2,2020-06-28,17,73,19,64,27,1607,517,517,3,4
19-65,Municipales,2020,2,2020-06-28,17,73,19,65,28,1517,501,501,8,9
19-66,Municipales,2020,2,2020-06-28,17,73,19,66,14,1596,550,550,5,6
19-67,Municipales,2020,2,2020-06-28,17,73,19,67,22,1668,469,469,11,8
19-68,Municipales,2020,2,2020-06-28,17,73,19,68,12,1596,442,442,11,5
19-69,Municipales,2020,2,2020-06-28,17,73,19,69,14,1593,402,402,8,3
19-70,Municipales,2020,2,2020-06-28,17,73,19,70,23,1359,393,393,6,4
19-71,Municipales,2020,2,2020-06-28,16,74,19,71,2,1171,268,268,9,2
18-1,Municipales,2020,2,2020-06-28,18,70,18,1,36,1571,604,603,6,7
18-2,Municipales,2020,2,2020-06-28,18,70,18,2,27,1547,560,560,16,2
18-3,Municipales,2020,2,2020-06-28,18,70,18,3,33,1520,588,588,13,3
18-4,Municipales,2020,2,2020-06-28,18,70,18,4,32,1833,671,671,23,9
18-5,Municipales,2020,2,2020-06-28,18,70,18,5,21,1251,523,523,11,4
18-6,Municipales,2020,2,2020-06-28,18,70,18,6,36,1486,570,570,8,7
18-7,Municipales,2020,2,2020-06-28,18,70,18,7,28,1432,525,525,7,7
18-8,Municipales,2020,2,2020-06-28,18,70,18,8,21,1451,519,519,7,7
18-9,Municipales,2020,2,2020-06-28,18,70,18,9,34,1622,587,587,12,6
18-10,Municipales,2020,2,2020-06-28,18,70,18,10,41,1674,593,592,16,9
18-11,Municipales,2020,2,2020-06-28,18,70,18,11,23,1601,597,597,13,7
18-12,Municipales,2020,2,2020-06-28,18,70,18,12,15,1647,439,439,9,7
18-13,Municipales,2020,2,2020-06-28,18,70,18,13,12,1149,287,287,6,6
18-14,Municipales,2020,2,2020-06-28,18,70,18,14,29,1900,567,567,11,8
18-15,Municipales,2020,2,2020-06-28,18,70,18,15,18,1495,514,514,5,5
18-16,Municipales,2020,2,2020-06-28,18,70,18,16,43,1614,567,567,8,7
18-17,Municipales,2020,2,2020-06-28,18,70,18,17,43,1838,644,644,18,16
18-18,Municipales,2020,2,2020-06-28,18,70,18,18,41,1845,710,710,18,2
18-19,Municipales,2020,2,2020-06-28,18,70,18,19,42,1799,687,687,24,2
18-20,Municipales,2020,2,2020-06-28,18,70,18,20,48,1701,624,624,15,7
18-21,Municipales,2020,2,2020-06-28,18,70,18,21,40,1656,622,623,13,16
18-22,Municipales,2020,2,2020-06-28,18,70,18,22,19,1496,495,495,4,6
18-23,Municipales,2020,2,2020-06-28,18,70,18,23,28,1498,516,516,13,4
18-24,Municipales,2020,2,2020-06-28,18,70,18,24,29,1534,564,564,12,2
18-25,Municipales,2020,2,2020-06-28,18,69,18,25,57,1492,627,626,8,2
18-26,Municipales,2020,2,2020-06-28,18,69,18,26,23,1454,515,515,11,5
18-27,Municipales,2020,2,2020-06-28,18,69,18,27,25,1432,492,492,12,4
18-28,Municipales,2020,2,2020-06-28,18,69,18,28,38,1761,679,680,23,8
18-29,Municipales,2020,2,2020-06-28,18,69,18,29,41,1620,614,615,11,6
18-30,Municipales,2020,2,2020-06-28,18,69,18,30,29,1767,693,693,10,5
18-31,Municipales,2020,2,2020-06-28,18,69,18,31,26,1813,694,694,8,2
18-32,Municipales,2020,2,2020-06-28,18,69,18,32,28,1646,605,605,10,1
18-33,Municipales,2020,2,2020-06-28,18,69,18,33,11,1643,558,558,6,12
18-34,Municipales,2020,2,2020-06-28,18,69,18,34,27,1789,603,603,15,7
18-35,Municipales,2020,2,2020-06-28,18,69,18,35,32,1531,570,570,6,5
18-36,Municipales,2020,2,2020-06-28,18,69,18,36,34,1549,575,575,10,4
18-37,Municipales,2020,2,2020-06-28,18,69,18,37,30,1576,554,554,9,3
18-38,Municipales,2020,2,2020-06-28,3,69,18,38,37,1587,577,577,12,6
18-39,Municipales,2020,2,2020-06-28,3,69,18,39,21,1740,590,590,13,9
18-40,Municipales,2020,2,2020-06-28,3,69,18,40,38,1630,626,626,13,10
18-41,Municipales,2020,2,2020-06-28,3,69,18,41,19,1666,528,528,16,8
18-42,Municipales,2020,2,2020-06-28,3,69,18,42,16,1685,507,507,10,9
18-43,Municipales,2020,2,2020-06-28,3,69,18,43,12,1702,523,523,15,10
18-44,Municipales,2020,2,2020-06-28,3,69,18,44,9,1335,265,264,10,1
18-45,Municipales,2020,2,2020-06-28,3,69,18,45,15,1580,443,442,13,5
18-46,Municipales,2020,2,2020-06-28,3,69,18,46,17,1450,526,526,11,4
18-47,Municipales,2020,2,2020-06-28,3,69,18,47,35,1281,498,498,11,3
18-48,Municipales,2020,2,2020-06-28,3,69,18,48,29,1296,431,431,10,11
18-49,Municipales,2020,2,2020-06-28,18,69,18,49,2,1109,259,261,7,8
18-50,Municipales,2020,2,2020-06-28,18,69,18,50,3,1137,259,259,8,11
18-51,Municipales,2020,2,2020-06-28,17,71,18,51,11,1708,372,372,5,7
18-52,Municipales,2020,2,2020-06-28,17,71,18,52,43,1797,635,635,11,7
18-53,Municipales,2020,2,2020-06-28,17,71,18,53,27,1380,469,469,10,6
18-54,Municipales,2020,2,2020-06-28,17,71,18,54,36,1299,428,428,15,6
18-55,Municipales,2020,2,2020-06-28,17,71,18,55,30,1574,516,516,10,4
18-56,Municipales,2020,2,2020-06-28,17,71,18,56,12,1866,382,382,4,5
18-57,Municipales,2020,2,2020-06-28,17,71,18,57,34,1804,581,581,7,5
18-58,Municipales,2020,2,2020-06-28,17,71,18,58,27,1706,530,530,11,8
18-59,Municipales,2020,2,2020-06-28,17,72,18,59,14,1720,522,522,15,2
18-60,Municipales,2020,2,2020-06-28,17,72,18,60,35,1680,644,644,16,9
18-61,Municipales,2020,2,2020-06-28,17,72,18,61,37,1767,614,614,14,6
18-62,Municipales,2020,2,2020-06-28,17,72,18,62,18,1669,546,548,11,9
18-63,Municipales,2020,2,2020-06-28,17,72,18,63,17,1785,489,489,8,12
18-64,Municipales,2020,2,2020-06-28,17,72,18,64,10,1743,410,410,8,7
18-65,Municipales,2020,2,2020-06-28,17,72,18,65,0,1843,415,415,12,7
18-66,Municipales,2020,2,2020-06-28,18,70,18,66,21,1381,559,559,11,5
18-67,Municipales,2020,2,2020-06-28,3,69,18,67,26,1399,481,481,9,7
18-68,Municipales,2020,2,2020-06-28,17,71,18,68,32,1341,449,449,11,5
20-1,Municipales,2020,2,2020-06-28,15,79,20,1,35,1339,537,537,6,6
20-2,Municipales,2020,2,2020-06-28,15,79,20,2,32,1137,477,477,6,1
20-3,Municipales,2020,2,2020-06-28,15,79,20,3,21,1477,557,557,6,8
20-4,Municipales,2020,2,2020-06-28,15,79,20,4,28,1432,576,576,17,2
20-5,Municipales,2020,2,2020-06-28,15,79,20,5,37,1387,625,624,12,3
20-6,Municipales,2020,2,2020-06-28,15,79,20,6,22,1411,575,575,12,3
20-7,Municipales,2020,2,2020-06-28,15,79,20,7,34,1328,539,539,5,7
20-8,Municipales,2020,2,2020-06-28,15,79,20,8,25,1301,525,525,10,3
20-9,Municipales,2020,2,2020-06-28,15,77,20,9,38,1600,528,528,8,4
20-10,Municipales,2020,2,2020-06-28,15,77,20,10,14,1382,381,381,6,1
20-11,Municipales,2020,2,2020-06-28,15,77,20,11,26,1640,528,528,7,3
20-12,Municipales,2020,2,2020-06-28,15,77,20,12,39,1345,561,561,7,3
20-13,Municipales,2020,2,2020-06-28,15,77,20,13,28,1501,596,596,12,6
20-14,Municipales,2020,2,2020-06-28,15,77,20,14,36,1567,654,654,5,6
20-15,Municipales,2020,2,2020-06-28,15,78,20,15,25,1487,576,576,3,5
20-16,Municipales,2020,2,2020-06-28,15,78,20,16,37,1590,699,699,15,6
20-17,Municipales,2020,2,2020-06-28,15,78,20,17,20,1513,504,504,12,5
20-18,Municipales,2020,2,2020-06-28,15,78,20,18,17,1437,427,427,12,6
20-19,Municipales,2020,2,2020-06-28,15,78,20,19,28,1491,623,624,13,9
20-20,Municipales,2020,2,2020-06-28,15,78,20,20,12,1611,486,486,11,4
20-21,Municipales,2020,2,2020-06-28,15,78,20,21,5,1594,413,413,9,5
20-22,Municipales,2020,2,2020-06-28,15,78,20,22,19,1565,540,540,13,3
20-23,Municipales,2020,2,2020-06-28,15,78,20,23,29,1605,609,609,11,2
20-24,Municipales,2020,2,2020-06-28,15,78,20,24,28,1435,573,573,12,7
20-25,Municipales,2020,2,2020-06-28,15,78,20,25,26,1557,647,647,13,5
20-26,Municipales,2020,2,2020-06-28,15,78,20,26,25,1405,472,472,10,5
20-27,Municipales,2020,2,2020-06-28,15,78,20,27,23,1347,507,507,4,3
20-28,Municipales,2020,2,2020-06-28,15,78,20,28,19,1472,492,492,7,5
20-29,Municipales,2020,2,2020-06-28,15,78,20,29,48,1511,526,526,11,7
20-30,Municipales,2020,2,2020-06-28,15,78,20,30,5,1770,349,349,3,13
20-31,Municipales,2020,2,2020-06-28,15,78,20,31,23,1607,494,494,11,6
20-32,Municipales,2020,2,2020-06-28,15,78,20,32,20,1571,528,529,8,6
20-33,Municipales,2020,2,2020-06-28,15,80,20,33,3,1443,317,317,6,9
20-34,Municipales,2020,2,2020-06-28,15,80,20,34,15,1448,394,394,7,4
20-35,Municipales,2020,2,2020-06-28,15,80,20,35,5,1424,363,363,3,4
20-36,Municipales,2020,2,2020-06-28,15,80,20,36,4,1250,328,328,8,2
20-37,Municipales,2020,2,2020-06-28,15,80,20,37,20,1579,424,424,6,5
20-38,Municipales,2020,2,2020-06-28,15,80,20,38,20,1448,430,430,5,3
20-39,Municipales,2020,2,2020-06-28,15,80,20,39,15,1438,401,401,5,13
20-40,Municipales,2020,2,2020-06-28,15,80,20,40,9,1473,453,453,7,7
20-41,Municipales,2020,2,2020-06-28,15,80,20,41,13,1550,449,449,10,6
20-42,Municipales,2020,2,2020-06-28,15,80,20,42,32,1519,576,576,12,10
20-43,Municipales,2020,2,2020-06-28,15,80,20,43,41,1814,713,713,7,11
20-44,Municipales,2020,2,2020-06-28,15,80,20,44,45,1906,707,707,6,4
20-45,Municipales,2020,2,2020-06-28,15,80,20,45,30,1839,697,697,8,1
20-46,Municipales,2020,2,2020-06-28,15,80,20,46,29,1634,625,625,4,7
20-47,Municipales,2020,2,2020-06-28,15,80,20,47,26,1627,606,606,11,9
20-48,Municipales,2020,2,2020-06-28,15,80,20,48,36,1760,671,671,7,2
20-49,Municipales,2020,2,2020-06-28,15,80,20,49,40,1889,757,757,17,5
20-50,Municipales,2020,2,2020-06-28,15,80,20,50,39,1699,724,724,13,5
20-51,Municipales,2020,2,2020-06-28,15,80,20,51,27,1765,653,653,12,4
20-52,Municipales,2020,2,2020-06-28,8,80,20,52,26,1355,542,542,8,6
20-53,Municipales,2020,2,2020-06-28,8,80,20,53,21,1407,590,590,17,3
20-54,Municipales,2020,2,2020-06-28,8,80,20,54,10,1548,374,374,5,4
20-55,Municipales,2020,2,2020-06-28,8,80,20,55,5,1454,357,355,6,9
20-56,Municipales,2020,2,2020-06-28,8,80,20,56,15,1357,393,393,3,6
20-57,Municipales,2020,2,2020-06-28,8,80,20,57,33,1384,517,517,11,3
20-58,Municipales,2020,2,2020-06-28,6,79,20,58,36,1697,670,670,14,4
20-59,Municipales,2020,2,2020-06-28,6,79,20,59,50,1730,644,644,5,2
20-60,Municipales,2020,2,2020-06-28,6,79,20,60,26,1346,544,544,7,9
20-61,Municipales,2020,2,2020-06-28,6,79,20,61,43,1494,518,518,10,9
20-62,Municipales,2020,2,2020-06-28,6,79,20,62,21,1535,464,464,5,3
20-63,Municipales,2020,2,2020-06-28,6,79,20,63,11,1436,391,391,6,6
20-64,Municipales,2020,2,2020-06-28,6,79,20,64,26,1228,454,454,7,9
20-65,Municipales,2020,2,2020-06-28,6,79,20,65,33,1254,531,532,6,4
20-66,Municipales,2020,2,2020-06-28,6,79,20,66,15,1213,468,468,10,3
20-67,Municipales,2020,2,2020-06-28,6,79,20,67,27,1345,501,501,12,5
20-68,Municipales,2020,2,2020-06-28,6,79,20,68,23,1483,501,501,6,6
20-69,Municipales,2020,2,2020-06-28,6,79,20,69,27,1487,527,527,4,2
20-70,Municipales,2020,2,2020-06-28,6,77,20,70,36,1735,648,648,12,6
20-71,Municipales,2020,2,2020-06-28,6,77,20,71,45,1704,671,671,11,5
20-72,Municipales,2020,2,2020-06-28,6,77,20,72,32,1686,561,558,10,7
20-73,Municipales,2020,2,2020-06-28,6,77,20,73,38,1624,652,652,4,3
20-74,Municipales,2020,2,2020-06-28,6,77,20,74,34,1661,647,647,8,1
20-75,Municipales,2020,2,2020-06-28,6,77,20,75,16,1810,520,520,7,3
20-76,Municipales,2020,2,2020-06-28,6,77,20,76,18,1984,653,653,7,8
8-1,Municipales,2020,2,2020-06-28,1,32,8,1,50,1512,554,554,5,1
8-2,Municipales,2020,2,2020-06-28,1,32,8,2,45,1388,499,499,2,2
8-3,Municipales,2020,2,2020-06-28,1,32,8,3,48,1394,583,583,5,0
8-4,Municipales,2020,2,2020-06-28,1,32,8,4,40,1401,517,518,4,2
8-5,Municipales,2020,2,2020-06-28,1,32,8,5,63,1629,625,625,3,2
8-6,Municipales,2020,2,2020-06-28,1,32,8,6,41,1372,530,530,6,4
8-7,Municipales,2020,2,2020-06-28,1,32,8,7,36,1488,580,580,7,1
8-8,Municipales,2020,2,2020-06-28,1,32,8,8,42,1450,554,555,3,3
8-9,Municipales,2020,2,2020-06-28,1,32,8,9,52,1641,676,677,9,5
8-10,Municipales,2020,2,2020-06-28,1,31,8,10,27,1039,340,340,5,0
8-11,Municipales,2020,2,2020-06-28,1,31,8,11,28,1153,407,407,4,1
8-12,Municipales,2020,2,2020-06-28,1,31,8,12,25,1311,449,449,3,4
8-13,Municipales,2020,2,2020-06-28,1,30,8,13,31,1488,532,532,2,2
8-14,Municipales,2020,2,2020-06-28,1,30,8,14,22,1493,518,518,3,5
8-15,Municipales,2020,2,2020-06-28,1,30,8,15,45,1578,520,520,3,6
8-16,Municipales,2020,2,2020-06-28,1,30,8,16,31,1539,564,564,2,2
8-17,Municipales,2020,2,2020-06-28,1,29,8,17,19,901,234,234,3,3
8-18,Municipales,2020,2,2020-06-28,1,29,8,18,19,926,252,252,3,0
9-1,Municipales,2020,2,2020-06-28,1,35,9,1,35,1362,556,556,5,2
9-2,Municipales,2020,2,2020-06-28,1,35,9,2,59,1438,576,576,7,2
9-3,Municipales,2020,2,2020-06-28,1,35,9,3,58,1452,569,569,6,5
9-4,Municipales,2020,2,2020-06-28,1,35,9,4,41,1449,590,590,5,3
9-5,Municipales,2020,2,2020-06-28,1,35,9,5,45,1502,625,625,3,5
9-6,Municipales,2020,2,2020-06-28,1,34,9,6,48,1339,504,504,8,2
9-7,Municipales,2020,2,2020-06-28,1,34,9,7,31,1344,515,515,3,0
9-8,Municipales,2020,2,2020-06-28,1,33,9,8,54,1419,605,605,6,2
9-9,Municipales,2020,2,2020-06-28,1,33,9,9,26,1451,670,670,7,1
9-10,Municipales,2020,2,2020-06-28,1,33,9,10,56,1403,603,603,5,4
9-11,Municipales,2020,2,2020-06-28,1,33,9,11,43,1459,612,612,4,6
9-12,Municipales,2020,2,2020-06-28,1,33,9,12,30,1441,589,589,7,5
9-13,Municipales,2020,2,2020-06-28,1,33,9,13,39,1600,628,628,6,2
9-14,Municipales,2020,2,2020-06-28,1,33,9,14,47,1605,701,701,9,2
9-15,Municipales,2020,2,2020-06-28,1,33,9,15,43,1480,669,669,8,2
9-16,Municipales,2020,2,2020-06-28,1,33,9,16,53,1456,624,624,3,3
9-17,Municipales,2020,2,2020-06-28,1,33,9,17,47,1542,673,673,7,5
9-18,Municipales,2020,2,2020-06-28,1,36,9,18,58,1535,620,620,12,3
9-19,Municipales,2020,2,2020-06-28,1,36,9,19,27,1410,562,563,8,1
9-20,Municipales,2020,2,2020-06-28,1,36,9,20,53,1469,650,650,6,2
9-21,Municipales,2020,2,2020-06-28,1,36,9,21,45,1547,654,654,6,3
9-22,Municipales,2020,2,2020-06-28,1,36,9,22,43,1424,625,625,6,4
9-23,Municipales,2020,2,2020-06-28,1,36,9,23,35,1375,562,562,6,4
9-24,Municipales,2020,2,2020-06-28,18,36,9,24,110,1444,626,626,3,2
9-25,Municipales,2020,2,2020-06-28,18,36,9,25,39,1593,624,624,3,1
9-26,Municipales,2020,2,2020-06-28,18,36,9,26,42,1517,612,612,6,3
9-27,Municipales,2020,2,2020-06-28,18,36,9,27,36,1604,674,674,5,6
